name, lat, lon, imgurl, other
Borneo Traditional Mural,-2.502719,112.976864,http://lh3.ggpht.com/qu4V2nESeFts_32dyOuf-Q5hVFjqnb44IaQ6e__EjSVsMr8y05N4wUh_YUBjJYK7NpJMiHbjg6C3HpOlV8sx,b8a3e25c3fe2442d9e6ecefa0acc1dee.16
Talawang Shield of Dayak,-2.5029,112.976436,http://lh5.ggpht.com/hP734YSRF02xxIH91b98OaFBv6ecI-dmM9Bhmo2VqDEzlsgtczWh0_naufunHQtqLTwhi3wrftCSdCOaVZq1,2217675b69d3479583bc869a7a2fc42f.16
H. Asan Airport Sampit,-2.503079,112.976666,http://lh4.ggpht.com/2ddIoaSkHZh1ik1UvXaLr5J6YBc6PTfGHS8mZ8Ae3agttteseic_Mnw8iSYqtiZJDMs3bU8F4tAIOQS3Xbke,5bbc3882d0e14857aa45668286053175.16
Langgar Al Barkah,-2.528941,112.964182,http://lh5.ggpht.com/ZYBCb7POeyG6wVAuQsitVyD-aMXHvwfacCYc4c7SL8SBsceOEE6gDSO56PRtQYuDqRmoJntDHfeB9xZngUE,8e2dfb69d3fe4580bd28d8e0df927b39.16
Kubah Masjid Via,-2.523638,112.965921,http://lh3.ggpht.com/ZDNYWCbD_qn76mxj0OAPit-aIq7peU2l6_8en1Kt575QmoBpKUod8E8nWD0iZBHM9fZFAH_9MmJjnRVjg5UA,0bb1d7e28c2e4b2680eae2df7ce3b2e3.16
Langgar Nurul Hikam,-2.526472,112.965049,http://lh5.ggpht.com/x8FPDJACR2Muegu4_oWXplNHuG4TlXqSmY6VV-akDThB6whcu4LQ-fpa9j9oFGANttAhLikbVlLFGX4AAf9v5A,2e24ea79bfb54e408cc9cf7a122c9ed4.16
Masjid An-nur,-2.526919,112.963704,http://lh6.ggpht.com/f7ABzutM9ulfY9TFZUAHaPTAo5YAO-NxkP8VCZwP0wb7oyQ2cQsfd_ji2OvzigH6tyikZAUKzdkKO5C0T34,0b3116ce990c439b9e77597420d8fd03.16
Masjid Nurul Anwar,-2.529552,112.956761,http://lh4.ggpht.com/rdDBHjkP77fBnUedYNg6rIScBj3drEtdnq1YIFL0kdhv6kfBgq7gu9iEJDeYDmkRMSfNNHSNjlIFkj4-nD9O,6bc98dba970743808121dfd34350bcfd.16
Masjid Samping Pdam,-2.526573,112.96114,http://lh4.ggpht.com/LxqMLj8uAfPdGC-n53de8r0pFE7KFhBOcdC8WVwAW13zD5OihJyZxlQbBHW2bwZqq5l-0IwNSZY5-r62jWNB,3e850521183749c1904f35ca3cf6df45.16
Mosque,-2.529775,112.95037,http://lh3.googleusercontent.com/NyVyU_x0oDkcLHOwi1Lik0KmSAsdx9eFW2xLCJO2V0GAtqbnlWg-4Q47IEqmRsSP3izUPKnX51ZZQk5jB8Arvg,5d65232fcc3b45e5b4010c83584514bc.16
Mesjid Stkip,-2.530342,112.956016,http://lh4.ggpht.com/MHKgAkbaVuiZ8ODOFQ9SRSFmP1t-xXXxWTbpSDx79HAzHf0AXkaCQCfZ_c1TPd8M0CKtDEwrTGszZk43Q5k,2563f1affbd34685ab1a699dad18c517.16
LDII Sampit,-2.516553,112.948401,http://lh6.ggpht.com/YIp9o_OXA7sJpDD2syxMa0K9WH34xoTWQ4BOJZfAadpOzdwajWfhSR8vrEKnWstEof2MjCD4uk1F_JizJ44,8f6f0e44d87c4404b9d82d0ce3a2ed89.16
Bundaran Adipura,-2.497875,112.968563,http://lh6.ggpht.com/dMYHH2vOmr-Kk1uYCTX0VFfTgg38WwpoiGRg_5qL3v8qSB0PtFvG7KfE8p6yAtlRKbh90dd_APW6myIRwEk,a03cbfeb3ab641fda5c794d7aab6e63d.16
Al Hikmah Mosque,-2.500565,112.972443,http://lh6.ggpht.com/HlsJ86N1ow54nifVTzo3z43P5069XHVc7bltyFhRt83n_Gez_RIeK733b9LgP8HfR6pXT4la8F_PGjCe3vph,0cc3e6cb86034e4faef47ae3092dc3a8.16
Dinkes Sampit,-2.506129,112.959702,http://lh3.googleusercontent.com/-MzxIwdLXH-3ihQahda2DCahSF7FWYrJnWIclgd2kCGnJuTwZFcRShEKfq47_rq6RJeGb0KGTzMzQR_t7gPu,4094657f0c60448b905a4fdd3b695992.16
Langgar Nurul Falah,-2.510958,112.973533,http://lh3.ggpht.com/4HnvKcxLWou_3DS3KoCCPRWuZ_NGG3zldau4ctUvqujeG0p8Yi6E8OoY7RquUX346Nq3Uqzw3lTryPIVk-cm,1104207ac15b4458ab4519e295fcd410.16
Air Mancur Higa Wella,-2.516326,112.951117,http://lh6.ggpht.com/UTSOSAMWdyewFOjvaERvKPvYNKj0NXJjrTpA3SQxIkYaH8fdwVmiBLADMi8ZMABwaR9iZrepKF2RiynNcINQ,5e70cd32a1c74491b60588b59fb0a73e.16
Tingang Bird Statue,-2.51593,112.951392,http://lh3.googleusercontent.com/JOKXoAQP4DrYE7dxymhITwmsewije0vwHua0ozfkNDR9L74iRQ9G8KVIG27waIIJaekLtGGG5XjLFp7If3Vk,7b15c8f941c94f5fad8723d839458f2a.16
Gerbang Stadion 28 Nopember,-2.513089,112.952765,http://lh4.ggpht.com/-tCAvUoe0qCRcVMfnYl-WU9oQgGkLbAmULuLhYtIuvc04i87v6qRw5l8NoHX_-aBHC3nk1cwpSCv0ZtYPA,e7e24319189943a29e3eb345070680f8.16
Mesjid Al-Kamal,-2.517967,112.957288,http://lh3.ggpht.com/mrTQbxwlWzKjABi_hrzVleehLSBAt0XGcoTVvSQP9nh-BZWNrZM3fDoc6DXIYtAesoeeo2W19wxkD47SGHo,87eab3031628477ea7122b0d470f06c8.16
Patung Jerapah Kembar,-2.516119,112.951043,http://lh4.ggpht.com/_3IntMV_0-YwvRx-1ESm6_HCv9NVlMta9GAY8oziCV3nOG0NkDr85ClLQsxyOMeGelb-54SuSYHS88YQHJte,d915306eaeee4e29affd6cef0277e6af.16
Latsitarda Nusantara,-2.512588,112.953214,http://lh5.ggpht.com/Pov8c30clJvVBuPkEVyfZfPrHlYLR7SEzZjArdybGTP39REjLuU6d0RQEXaZ2pq3pK4Vv4_F0x2IdY255-t6zA,2e3daaa6b7124bf1b0c3d7ff42bbd57f.16
Stadion 28 Nopember,-2.513747,112.95373,http://lh6.ggpht.com/U6qX2_ytmGR2oHeMyJRUKgO6jJpaNt1U_Ad_af8rU_Gdd9OJHGzufgExgCF03ccUNAQIaZB7_X-qI2tNTXs,919bf1e49fd6451d9885386cb21f7191.16
Swan Water Fountain,-2.517093,112.951607,http://lh5.ggpht.com/XQybI7hij2w5RHyO35ccC5z2hxiXVp1clAJ6fTJHsF2YlqdxS81i0al83jpJau_GWMld6f-A8QRwR2wzSzmx,1d81c9c6908d4cbb9a5729941d3891bd.16
Tugu Bupati,-2.509973,112.955185,http://lh6.ggpht.com/g7SRRiTWFY0ChBkOqBtRAJEMXlh0UDxw1kdCdsmJAt-IVaVQNSUfCkeWntncYvMuc105TzRwBterg1YLuCQ,c4b197bcdaa749f1b71961f1f8c5b4ca.16
Tugu Pembangunan Stadion,-2.514135,112.954046,http://lh5.ggpht.com/ctqWFhhHQrd0weTpsCO5ZoymRdoXmGwz3J0CqDB9mQx_r-rrTkK6SnIaB3VmXRtHIGSELWjOENyrL0ogabqr,67760068947f4361bb677f9dcf76759f.16
Gerbang Sahati 1,-2.512918,112.952904,http://lh4.ggpht.com/7IZGt_xNr_mpMcxWiDfZUfaBwYAeRHpc1p39wJyyLeaMho_fFLWORTJAv_XdqHtcsYnJbpAenD0HROFOpYd8,252ba329e3c64ad18d92e4f1d1ccac03.16
Gate Wengga Metropolitan,-2.515336,112.95106,http://lh4.ggpht.com/HHfWx29WiVztg9j2RL1sG0cjIgZKUrTyYjERT5_q_zEBIRC1xBr7D2TI_P84GkrKotqMsG0fc6_CGihqPH8,f0947909063c41de9c963c40975d8ddc.16
Bundaran Burung,-2.536419,112.912905,http://lh6.ggpht.com/OKC1AC7s-lYvFgmSSGir1mlpvKB-4vRUoQ0Z_R-t3ckERRE9Q9djzlYGxTHG314NMldpJXwMP45QQI4pKEmq,f887759908f8460cb322b2f06cd18b7f.16
Masjid Raya,-2.53527,112.912607,http://lh3.ggpht.com/2JAVUovkZlEMEE0ze2SFsKFmjjFbCuRbzBrVmYW6EjYJFjWc2e-vgojm6gKUebkszbvYtE1fBVeUw1qd1VPk,cc325a2fe6c0487eb55cf09f4f723687.16
Musholla Nurul Hikmah,-2.545874,112.961391,http://lh4.ggpht.com/wd31cleKStehrFWqzdW-WmuI8kYJolffDgKgR7ty1ulEnvNq8kuLKnb6tUAkBQVHKeo1hkHWL5pkQS-mfEjc,57cf658bb2c84d9da601889bb988a9f1.16
Masjid As Salam,-2.552241,112.963093,http://lh5.ggpht.com/sjDTe8LAJZfsVxKdA_Vn7zotE9V7CZPqt-ePi_5RzthOvflZ04jrjKxcms64f5_xp5W9tI8QFWeW_RQ321tw,28d3f5cf4c4d4a6dbfb6b10781d32127.16
Masjid Ar Radmah,-2.550829,112.962864,http://lh5.ggpht.com/Fr0UlT51PKpRF-HAU5baeTJ9-t9bKdx7WEGaVXnSY1TmLwBtFM2Pr5QyhBAiIdvHLCs_TszNW_N5kHg0jhG0,83f7513dfe8a4570bd8d79f1e80ebea5.16
Masjid Jami Sampit,-2.545042,112.963655,http://lh6.ggpht.com/K5BMGIrW2Kibuwq471xft87lho61tnmurpXrh48SBENkGbrce-vD6kCMf3t0C8wcK_Dn1lKSRrYouoi0adFH,ab1f2a3ba03641faa1c2ae3ea866dc2b.16
Masjid Jami As-salam,-2.545931,112.964489,http://lh6.ggpht.com/kTkpb3bpORa1iwzcLJglTRFZe9wVIKsHvSky86dKa4v92eZk5P3V6Z3Y4bLDPs5tNHRnJUNGvwEUnO2UJ6A,dfd6db2ffbc64038b55c92164af6576e.16
Mini Stadium,-2.537134,112.960128,http://lh3.googleusercontent.com/QArUbi7JfGgqJ2uSA20jBYHnuEfSgMHpul95Mz7Ag-nmquQEEchT-e7PgbqADTtTT_pb6sKd69Nv1y_21sKL,91f3f2420067425eb4837f7c89e779c3.16
Deducite Iuvenes,-2.537951,112.958958,http://lh4.ggpht.com/-veN2teXzFOqLXIijrifkgoO7BZ1aJz1Da59bVAO8--6_ft4Ezs3-y0l4DSnVdAVN1QAHs6dGo1TYUKi-AKP,9039495d23064f16a2659da5617933f5.16
Police Statue at Taman Kota,-2.538027,112.959202,http://lh3.ggpht.com/SgSGNvmdxNRDN4Pm07O5WSLfVPD_dq5MTxpUTpkftAOBvNIX60Y4AH6iBOL7IbUI_fHFia0q4BSPnq0UnqPztg,a1584521adc14b97851673dda0883b10.16
Tugu Pentol,-2.53912,112.958928,http://lh6.ggpht.com/JknXMBhLBRQVykrHzOd1RAzLfUaFV7JXnJh33lMVOol3XX6aeZUFBbea5WGBw7ivV4qar16jx4GRT5wUjCkVRA,a67353c6daa24c09bc7543f458dfef8e.16
Museum Kayu,-2.538235,112.958799,http://lh6.ggpht.com/IYkTTnfzsZ25FQkvCgIf6q4K6_CCy95UESi7h7GzsgR6lx38g5VTtxJJ39MN9q0cbLnEbEI2uipEXC_5YabS6g,4b191d5386894a8d8ea4d1d66d21995c.16
Kancil Statue,-2.537153,112.960612,http://lh3.googleusercontent.com/eDh76q0MeXxjLuhDhy1qPcpG5QdWRcrfKOBMHpgK8EphPCyr2bepwIr3-z7lQDmJaa_fWWZzFIvYZId7DFGy,a9da9417e9d7476581ae1ce5d2c5caa0.16
Al Falah Tower Mosque,-2.534792,112.953634,http://lh4.ggpht.com/b6p0YW3VCaB-0W8wGv_x_wvpYVQi195KWAVAoiKy2Kabn3YUVQR25fNdMcpdn6GpbrG9UPkUfJ3nRfj8p8M6,49529c0a72644f0c84ad70acc77ec967.16
Musholla Fathul Jannah,-2.541017,112.958244,http://lh6.ggpht.com/c7xKBpOfU0_w9SRbauf8pA7VGR3nOHsNJNM00JV4RDM-Xptv0-ZdTGCGsqNMEeFZZZG5iFg_UhekJUTXoxmj4A,061128ffd8a0486696ac17cd300bcfe9.16
Animal Statue,-2.536934,112.960657,http://lh3.googleusercontent.com/UY7VbOXPZ5_TyynIaxVSgxL4YEWYc4I8c-a2LynJjTBDUiO0_YwhJ-mOjYMFfQTITH3hlkTCtnhhqCOZT_ZUmg,6f77f2a10a2f46018448dd77769907ac.16
Relief Ikan,-2.539164,112.959164,http://lh5.ggpht.com/ZEAqSJ3SKS8nCiA6lyoccIiQtrmGGwJTG2HgChYN7fjXPk0QuNqlp7thdRz9zslWA45GV3iS8FCCfrOjHlJE,9d12c2291dd44fe286d7beb382d09d4d.16
Mural Penari Telkomsel,-2.538998,112.955247,http://lh5.ggpht.com/DsN8gpnnwdRCbzictKSgzvrC26HkvSbCqIBMLFVyV486fXIF7AHBEvQdcKhGty3yObxbq4i4BpOZXIk0KwtR,7ad576e7a09d4585aee7a430c938b7dc.16
Gerbang Sahati,-2.53244,112.964877,http://lh6.ggpht.com/idncdJU5En0N-KuMvlvj6yqgdMV3bqGzrT7FVzYmrEJB3hmkuI7scpA8x-rrVPNzx52M7Nmtz4NQZRjhEU8qvg,8e426de83b464e24a16985218873d8db.16
Langgar Rumah Angga,-2.532824,112.963086,http://lh5.ggpht.com/6tK1eDqL74nAQlKJk3qOmzG8-tOcQSSTM8z1Fq_KZyIQzda-z_t69fpTfUruzP4VXdQIlvRh5dcs--i1xq9F,cb17f7ed9d86418db0b7953c44e09ad9.16
Gereja Maranatha,-2.538418,112.962242,http://lh4.ggpht.com/kYNoK3FXBqE7o1n7WvaDXl3BgnBaEYuN8VH_oaC0OVKMP-Bm1PzHEvb8rpR5Z0h5lOZefWuvYyq8XH0eD0H8lQ,f3384b18612a4b29b51362c165b31e92.16
Tugu at Taman Kota Sampit,-2.537412,112.960011,http://lh3.googleusercontent.com/7wXdSTj4xNH5m0GL0j61AyUHLwPyG-7MH880MFVQtENQF2RiaMlY0srj96k1yEQpeMow0GmWkdoCJx5OvXIE,885cb43bbece4a1095ad9c202a75fcc5.16
Jelawat Fountain Statue,-2.537622,112.96031,http://lh3.googleusercontent.com/AlUryMjXYkpU-HBz1qclnj4XT1adiQefVheZMUU8qPLMsocMnRvJrshyn2gtAa3ugSbvvYs-Vi4bGgc5yCuc,9c232ce8353546ee973c776d1e0a5b94.16
Tut Wuri Handayani Spt,-2.537795,112.95914,http://lh4.ggpht.com/P7PUa5vshY3o2C6Drs4a6f4z1wJ0P6V0jRrI8ERzj72Zp0oKnLoVHuXwLVUr7Sn7k1JhDlunyhtsIArygZ47,222346a4d801485a9c5a9679fdee20ff.16
Mentaya FM Relief,-2.535778,112.957355,http://lh4.ggpht.com/9VAFCfLWvEupow7phMp7x9DrbX9n0JlobQxGt0HIT_CKbIdA09NkSV5TLKzEIO3l9Jv7iUImDZ_n6EkITraIzQ,667f48d96f654f05933f961e4918c98d.16
Siswarta Crest,-2.538135,112.959516,http://lh4.ggpht.com/p3WqU5HEJbfAx_nDSg1UMHHpUFrS0CMPo3SJiqL0PGLAblZMxUJRoA6dYjN56rWNiE1FEzpOkQvJlYUBNH5d,e0a14bfba2c54baeb28a36a43586c8ca.16
Crocodile Statue,-2.536861,112.960405,http://lh3.googleusercontent.com/Dh46yIkxeXl2946lSSqXatpwg7tD5prtmYNJ4Uh8SYNHG50DmTim89DY9eigzlmDiDYCa6HPUVM3sPkTtMBZ,3741cb8460754076ac950b44724932ed.16
Langgar Syamsul Mu'minin,-2.535099,112.957838,http://lh6.ggpht.com/Em4A_qpH-Mi07FpwpGmE11krgUHv_6XWjeXOEHtXByxyUPGlFDHAYHZsXPvCnVXWaw_lSvHXMvrzdT4bEvwy,f6ca67fc6bb5491c84b3ce04f09e661b.16
Mushola Al-Rizky,-2.541461,112.954004,http://lh3.googleusercontent.com/ZKaxdysK5XDcW04lu0g1sc1BiD20WoU3NwoVf1jbBj-33_2tFWFYlboyp5lZ31j5s9B3Diot6JDWM2SHm8P2,535957103f544eaea0c2370818f4da2c.16
Gereja St Joan Don Bosco,-2.538186,112.95771,http://lh3.ggpht.com/LgulBxhfZ0Lbgj6uQ6lvZhtjFcFpppTU_wipK5jGRL4uEp8feiJGhijvBposEGDbGaTlWwNjEP-9RdugrDM,06affcc03e7c4f1e83691a00f754d833.16
Relief Alkitab,-2.538033,112.962691,http://lh5.ggpht.com/eZsZ-jIIrto7fmtwgPWGjfHeUGJoLmLpyVDjfCDhXXx42DQbb7rMP1GMHXa3ZNWdgX1DD4TZ_GwsX9xohk9T-w,ab84241858684404a88abeb322c33356.16
Patung Yesus,-2.537903,112.962831,http://lh5.ggpht.com/pKZRltx5FbevFzQABu7XxR6zOSM8j3Hvt4hhT-o2ZXJttzw3U0u-Ts2h_HOQymZ7WklPv0IYJQSf4QaJ_l7z,08a3703733d64789bb894d77e04137ea.16
Pondok Pesantren Al Fajar,-2.5382,112.961414,http://lh3.ggpht.com/LafL-7vJGSMzUSRNCc6ELwaNGuB2SWl-ZWrl_chQDgxiNDrF64nEQVxw6MMp-Ax20DTXq4CQCltAXn-QNVB1,36e59371e66441318931f6e90ba32665.16
Air Mancur Tikungan S,-2.537242,112.964527,http://lh6.ggpht.com/Ps2JQYgy7vU7lp96fKPy7dTn0iUIp8rpTx8flJTM6KqJo6cL1AYRIemlgfCSiz_T6oAYQ2rZukf0nKKiaw,0532e21387ae4252a6f4284dbe98fa84.16
Masjid Shirotol Mustaqim,-2.533258,112.955428,http://lh6.ggpht.com/iMQQ9YlpD3Le-qYxxGYOPUkf7vlzux8hjTalWxolWT_tfSXKe3_X3_U3MsTpi13NK5ea9-Gof63JiyxLico,9accf2c54ed34f9ba5281b6be7c50e99.16
Post Office Sampit,-2.539685,112.960315,http://lh5.ggpht.com/GSQHNLhZxZHs9N1gltLe7WTLUhJdYoMq5M4WXoDZWZ324KUYeVKqjjDV1xXE988-_uG8kW1mk86-CS9OnkE,bb8bbeec549346bba280214099773d77.16
Langgar Pasar Keramat,-2.533204,112.961148,http://lh3.ggpht.com/gQKW0wooAPiqFJ5VrQi39M-AUM6kxQqgMXurtJG-gFjtUqxjvg8y7XQIZEZU2qAYYRus39hfyKkDXTqWF-xH,ac8cc06e195b4980a837628c3f489dd7.16
SD MIN Mosque,-2.535557,112.954513,http://lh6.ggpht.com/7BZ9tzUYap6LABTFtXadZWiUS7zLkKxkr9rkASmV7p5Gb0XhNzWUmvKjjud3I99ElIXbMv_Z4BNNZ0__raCq,4f7d3e886e5345979a9f73a9e580fa12.16
Taman Kota Gate,-2.537444,112.959397,http://lh3.googleusercontent.com/hYkarEzmbjAqtK0PklKoxt3DiXn791Yv-rnO2AmGlkbEXxCtlrSagtweqmHj6aSA5QMk8nN0QGHoISiCY7Gq,737b5aa012764a75ae85bf0ff29a7aa8.16
Menara Masjid Pasar Kramat,-2.533556,112.958771,http://lh3.ggpht.com/-dSd1icgrqGp7Sfa4UYlJ6t_MNdmsj6CDQNn97yX9Nf9NSc5xbYO8ALCCfir5aBu8Nh7KoYw5FGAaJyoAt8OUg,d8a86d66ea6b4cfe916adeba30809b5e.16
Mural Go Green,-2.538863,112.95481,http://lh5.ggpht.com/0yEuPp1gjsZt_A1OXBMCz6fFtgSAAdqj9lpjDPMBNXX3y9wjBm-Q3ZDD9JGLCY84cxaJJkha8wRiYMlTl8oi,414b711848844c2eb3b13fe0c32b7cc7.16
Musholla Al Mihrab,-2.534917,112.95393,http://lh5.ggpht.com/dVodDCx_vtKVVRNuSpZhBoCPaQ9C-vJP7SrpzypfAVFrwShPoml0_hWOZ0k8n8v5fA0y8h7GljpLb4xTL07G,0ea044b5ce5d4d84b67ba7e18260fb01.16
Stasiun Bis,-2.540901,112.953199,http://lh6.ggpht.com/EM-kEY6027f82OJ_XC_98RFBOeY-2Gbyej_gE79PkrdDkP3vaVmJHNwj6fd6D9gfaNtA2fG5VmwMnsmKGMk,352007f49c0b417ba802bc868290d4af.16
Masjid Nyolati Ipit,-2.534599,112.960808,http://lh5.ggpht.com/7fz1ZED6LEUfJwQp3WGQ2Vm0cJNWlqGVaGVEwQnW2lmnx1Qa4nxMRuZJybJfNt6jYOhLSzNZxRjqhqSEg2w,3327f5d47ec24056a92ed622170c3af4.16
Tugu Adipura,-2.538058,112.960546,http://lh3.ggpht.com/xaMHqh_6yjDTGis7lm6EBIJe4BmkxFGs05K_AHcX_WuW_MrHo79K6KmEKWSHLZfgxW2_W9reXEGN3T4G5xYM,a1232c0ade1b45578c796f9ae3f2dc37.16
Paud Mural,-2.532016,112.958255,http://lh5.ggpht.com/C2n_6tWcjzha2X-uQNGV1gJVnQZF97hTaJ3rnWahCVAEOfReF4tekRXZ36nTlEvuCMV943iaZWlovc_TxsE,af78d91475314771923962b4c7d9c820.16
Kapal Rusak,-2.538354,112.958382,http://lh3.ggpht.com/fVMIN10M9D3NWz9PmYP5AfS3Oph402NOZjFh43KVQ19u7_1uJLGSLgdSS-EosKcgR7ehCVlXe2gKcLY9IKmT,a2624b6a22d24f82a6f33801db7d8059.16
Langgar Lainnya,-2.531714,112.957214,http://lh5.ggpht.com/L7TkKFprGLKpS4DNKlL1-LpdtFtllQ-QjW9ME8AbJMEN8yxFZCozjwEzFWEr-Hp7O73FOQ63LJszryhIoEJhlg,f28c3d0450194287b26ba4523a2fa402.16
Mural Stop Global Warming,-2.538665,112.955215,http://lh4.ggpht.com/9OkUu8tGpFP4HJ7BelRT4O9UWlLDM2wO742OUke91mIYc43ehQGo_QuAamXiQbCnpdeKoxtDLzCCcBGMz86f,0a61641aa3554c9db265cf2d234a655b.16
Mosque Sampurna,-2.531424,112.950386,http://lh3.googleusercontent.com/bxl1QkWLSeoEZNgrKU1UqBARHliDCtzmpur7Lm28DBFebve2QpMJGjzmYtIjyO_IAJ84Ikhixj7rx8pSHJ0o,7f2860f15263472a9e8619cf75b30b62.16
Water Fountain Taman Kota,-2.53736,112.9597,http://lh3.googleusercontent.com/fmicAHMwl0V8emk_BVkCCPV0COHDpKkpoOlP6G9ekcFHIXs4N71B15kc5iPLKqam2yzH_O4KH9PzaQwrHWYXVg,2226bd08313643efa1deb4206dc88ff5.16
Masjid Tempat Ibadah,-2.540905,112.951015,http://lh5.ggpht.com/G9K9jTd8W8rf0b_oBiG_HXWHdoqaDBAZaYjdW3dX5clNI5TDdq91xyojAxy_mJoFJzy3vMIMYqq8HtktuIE,c835abd34e8f43a4b1a70ffe4b0cae80.16
Mesjid Agung Al-falah,-2.538897,112.953218,http://lh3.ggpht.com/oaKeihDDq3_yscUTXw07Jt3u-4iO72Z4ms8J1XmJwi0lFeXTnc3Xl1V3UdgtAbNxcazbz1kSij1QHPG1Unw,e84cd5a04f5849b4ad0889406d6630c8.16
Masjid ReL,-2.536413,112.951624,http://lh3.ggpht.com/AaN2A04hcZ0jjHfKzfgl6LGj5uDbp0sVj931Jb3uJwMbUOfkAWbiigXX_y7uKzE5YLRiRO0Y0vqmjg5WxxJ6,44d62303b8f94b599f15691c8b6fdba7.16
Jamiatul Islamiyah Mosque,-2.537961,112.956783,http://lh3.googleusercontent.com/H9LapXMww-eDIsA4y31OMiS7GkmIXrdFP1ZVjMYVD3okAY0nt9UHcO8o_3ImMZclWG63XgiHedlPwGryuGuRtg,9340fc08f27f43ba933426fa5d1b5a88.16
Relief Jesus,-2.538423,112.962711,http://lh6.ggpht.com/D_ffMTpjRSIVNa7yybUhcfbwGM0kDzy8pviHlvodjjdhuYCS-swHdmtHjyv0zMxV8lrOSI2Y8KdtXVSH8q_G,25ec1bcc9aab4055ac1fdd55a462c951.16
Keluarga Berencana Statue,-2.532337,112.964183,http://lh4.ggpht.com/KHz96sNaZoW9XBfLUmY5NL7kuP9PV_sTMnCedrYQ-hN0jeYXa-zoNomB3vPn3roqsAvhKyTk9phmPzROBCMB,ebb8363a273c451c84f17a95499d92c5.16
Tower Mesjid,-2.539678,112.964082,http://lh6.ggpht.com/QJljQX6wDvTzi9kL_Wh5aj8YbiIoPO6ZjPCw4QIr-2XNsav4t5rFzlKAKaNozmKw80MCtwwJavif9v26zprI,d1366cc024924966b95c8f63d32f0c45.16
Angel Statue,-2.538269,112.962107,http://lh3.ggpht.com/I7JVEeQp4mgqbrFswmzk0bRlYnKyJkDrBg8p3zCgKvrn0cgTylOzQYn2Ash8XLqRzRhO92zpeMCMLwwh11JMvw,32394d4ebe604b24819d714263720f97.16
Tugu Pelabuhan,-2.539355,112.964221,http://lh5.ggpht.com/jSZXPxN2VOhr-Ha3V9-C6TeHf6F4_MXJmwBejtPC9ZFK-nu2Slp3_xJZOedt0WA2MrzBWDnz2-Q9XJlDt5o,d0cefa8019784b458098a9b04ed627b5.16
Fish Statue at Kpoeng Oelin,-2.534958,112.964801,http://lh5.ggpht.com/LK2949nMwkva_EyXunievNAV-9DcD5x3IfuFWcry1g_6iTdi4LgrikQvekmF4xLh-kq3mIaDCAgRoi0bB4PxRA,98483086dfb7426397b74edd535182b7.16
Kepala Kijang,-2.557957,112.948037,http://lh3.ggpht.com/xbLHSqFS1OsWhrHcvl_znm3gnQWU0ZRnVkwYign9rt3cfEZmaFqryPkJ7QGNtVX8TSFH5s0SXJvkdLsOvQGs,8794c8a4c9194214bf0c6954050a3f39.16
Kepala Rusa,-2.557683,112.948066,http://lh4.ggpht.com/BvRSRIRv0XMy8r118O4dirgVUDrO4OeMjivQ4dTUoecsirRsVWLLTSx5xP3-eL5KiGgLQKOWm6OMS0M6UWzfJQ,6e64c8aa3db8492e80a270196356d629.16
Gate Dinas Pu,-2.560875,112.949801,http://lh3.ggpht.com/fsJc-Wfdh3LHTcBjrjPgZLVcOCLnE8Wjh5ZPnyiYuvX-jd-gbo17URbIzYOOARMEHJpYpSbLxAFl39KH-5iZ,d963ffafbd4b4a6799221d481a647857.16
Pekerjaan Umum Mosque,-2.561315,112.949751,http://lh3.ggpht.com/kf-hKFah9P94NqIIQc4kJSHLzUJiJNSJ16WW6XaY_aqnB4gDOzlyi4aIQ1F_wKcovTYtoYkHXJ5XprdEcQUJBA,ed1a067f6ae14d2e9c3c55b795939a54.16
Muke Gile,-2.557884,112.948214,http://lh6.ggpht.com/H0upGckZr06pByEmRUYdVrQbNXVmxUms_WotLZjXCJM1GrTcd8ImHZI3ie1DlR-WML1cyYMze3HMnBuv9eos,aee53d61250d43fab3fb064b0dc53b1f.16
Joglo Nongkrong,-2.558163,112.948317,http://lh6.ggpht.com/9ducWxZ7kSXTDV_PuyuKon3RD87gAgKDSp2T5GO-jVgM5tACbi9TY1ipCCAMPgy2BHtuOJU0SB4W8wQFw58,29ac1f83cfd84c7b84521dab7f227ae0.16
Langgar Desmon Ali,-2.518689,112.965615,http://lh4.ggpht.com/ffPkieZGimIwtoisGw3GOHeElgk6wn9_4soNewmwM_RgnpaAvPqTXlX3OKuEWVA1id9uX3iJM5vuxt4WgEyY,a94968c1062e44d8b5661cb249850771.16
Gazebo at Park,-2.525223,112.945777,http://lh3.googleusercontent.com/8rrL5UiRPW5eJ_buQfwQ0qJ0wJe_qanaioZrvnCbASq3OizeLDr4S5LCqF-ZID5aegoI6KpLCY0mMPF_D1AUqw,14158d676a7c4f7ba8fc6bc48cd16868.16
Sampoera Mosque,-2.530246,112.945006,http://lh3.googleusercontent.com/4qxoTsMTQ7j8DxagB7O1PyXnuSJ_7obf2yPIR1a5jBu60u1pwbWiyz72h_79buPc5D8GmPUt-g54R_72rDA,15d5fe564744486b99aebd38b31e7c41.16
Pot Smanda,-2.523919,112.94584,http://lh3.googleusercontent.com/F28sDCRhstiLOhPbl310wzKF5PfGk_eTEjoxLRHjGxL_pZwqjqCsvCh6gl8i6FXAv7qC175oGz1BkPBU0ERsZQ,f4bc45722543426fa4c440c193042e82.16
Masjid Baabul Jannah,-2.522801,112.946658,http://lh6.ggpht.com/9NC05V5tXYCwOaSozpPxoqlJEKbQM_-zM2G5DY1kENoLpysxmPw270VOupBsciBuom58NsjPkwkAkm46PNg,02b8f81359f8466599a2722d0b0c5c84.16
Jelawat Gate at SMANDA,-2.523598,112.946104,http://lh3.googleusercontent.com/Jryj1ZsbVeUn_DSKHc5aAJ-FJ3-eGcXjDB3ophKkDXBqdTqwGGfAsOXxwihs2YMgCSNYaTya9JA9Z3j_GP-D,244b39f9345845aa89a048d0e86d7789.16
Langgar Al Marhamah,-2.520928,112.946545,http://lh6.ggpht.com/ej6xhJY4z5GJoqamv1wvDD38ilmHyJqvSQco7uyxV7uj3Duhe4WVxtdKdDFQv9Aa1wZyIZSrqiNwCNurYzs,781ad1111d6443e09599cf9768249119.16
Masjid Sampoerna,-2.528924,112.944218,http://lh6.ggpht.com/xNU9L6JzOiA3Q2aLgqdwmcVLEOsFpgY3Ysl-tJ9NO8cnD8PsDfeLYah3g-pI7utKJceraHPRAOK6FQDiC9Pu,2697bd78de2f49f7852efd3514c786f8.16
Masjid Kubah Biru,-2.520118,112.946039,http://lh5.ggpht.com/ZKHKVKFgF2TSEU516zYv6BZO7lBnwibFBZAcSAZPI0RLVfHsijjXs2taHDAeX35DECUtWjCFSep0ac-ZH2sL,51accc28e911476dac52177f62935567.16
Sekolahku Mosque,-2.524934,112.945941,http://lh3.googleusercontent.com/0pLr_0OqPH0nmZAPs9C8IqNPzQJavqC9DCZjkyXhcYZVVORhreycnrY6HyrnAFvuxiSxu7sNcBCD11E80pNC,60fcd8b86ba04c9e8ac8dd25d473eb9d.16
Gunungan Gentong Bunga,-2.539466,112.928021,http://lh3.googleusercontent.com/v2ZRNB045meTE3_PHI2Ke0AQhYiWuH5558cPBxWq6iR1dk4gHdEO1Ffkq_1ayZux8MvKAT5qmFkFs4NVyNyc5Q,061da89d2b48478da3de95bf17d621c5.16
Rooftop Stupa,-2.537477,112.93839,http://lh6.ggpht.com/msZ0tZmYOaLOTzd-fuDj7YnqZjMhFWaJDZMM-YPp6sKS-4qczWDjOAJkHdnPbmaYpzyRI1IBRzFQo4XLwVly,d9e9dc21a8324023a08e13f262ee420b.16
Mural Ikan Werra,-2.538251,112.927748,http://lh3.ggpht.com/5_pMKZcVPXFuR5bz2Oxvco6fqQRyJcQ46ccovkD7OIhXwhiUu3i14ZDOPgu8SZVxn95xnva6569-VVyiU1BO6g,2f8ae59bd5334744a407597e5ee72d7b.16
Twin Dragon,-2.537703,112.93848,http://lh4.ggpht.com/fMB5A4nP_G2JW33qTGi4CaUKIfKTroZxYJDDhytdGMWPQd3TscEzg6_jmldEi36nLQmrDoXHNF1Kgb6os3YF,0ba3f86b1b9e4f5582794462724236d3.16
Wihara Avalokitesvara,-2.545595,112.955649,http://lh5.ggpht.com/nHr22x3UtnZWnHS45sq-G4qzil48wMCAzzzAb1Ficx_HelbLtYUNXzk0jr5op_oX8kHCtFs6g061I9UqROQ,23db924d7e4447c18f367df799cd7093.16
Musholla Hijratul Hasanah,-2.552185,112.951635,http://lh4.ggpht.com/VjUxwbCt3AwJozZmO7e9NhglduB8002B4I34b35Ldo4ar_jqPcRZ5LIok1um6Cxl1rtYEenoKHLEAFRaG2CS,aa09bb6ec137455aaba2c0548cb1d0a9.16
Menara Langgar Hidayaturrahim,-2.542776,112.959931,http://lh3.ggpht.com/BgKqWEauhSg4oN8sZD_VJyx92OjA2QUl_Rkr2VHuMxJky_2UhLPLvxTOgd40wEgi5Ww9HKz7GM6QPf9hQ0c,acd3f7bb610c4abdab604648e6047f5c.16
Langgar Darul Taqwa,-2.551313,112.96072,http://lh5.ggpht.com/wFD2upEfYdck7JrqEP52wxoaojjJF4ebwbWhLXMMtsyKufHtKTpoUX8aMLKhJKYLq9L8js5qQb5EF2R2xoMrEQ,c1a19b299e0e46aaa71529a715941caf.16
Masjid Nurul Iman,-2.547949,112.955728,http://lh6.ggpht.com/Ill18Gy_AgxkNZHQFM6MzHzMIsObPsmIi0siiElbgG-c3L37dyCcKD4p8AFkUyG4YD25arOCxzUSRprcNAMw,3adf0f0761474a7596a7cf7d90bf86ca.16
Gereja Bethel Indonesia Sampit,-2.54356,112.952319,http://lh6.ggpht.com/EqtJmX0ATz42QM8HrP5jNsmhzjKIU8VuRDZwhrQSW44vSUQK6p_Hb4f_-nlaSg7jkgD40IH4NaMZ1Skzgaq_,8e31ea4c00384d03bdc45e8fc5deb9ab.16
Relief Tulip,-2.542467,112.951793,http://lh3.googleusercontent.com/GwbN6qhkHett3x_pHYaaq6oPg2l_P_QXOnqeF3EYXbC3qDLxJvoHGIhQj-k_XI1MOWHIWD9jVcCzlDsHwFtE,dd694787f6694dd9873ee61a13d3bd03.16
Patung Polisi,-2.538162,112.941662,http://lh4.ggpht.com/2uFqT8NiqATbGK_f8lPzw_Tub0RiD6qUyHiNgBLj7h5OhI-tDL7cvDdSf_5n4V5GHBI-n_RV1sIFgbqn1T4B,cf4e4420fb2a4c3ca60e9671f8119b2a.16
Replika Tugu Adipura,-2.538582,112.942173,http://lh3.ggpht.com/8jmOepheGFGvMbxHIMDvCN_YNBe6w84ULWFhtXsxdGkag67aCjDaGGgYBT9B_7yVLHNd7y2bLXVR2o2PSuvm,ae2154e168da40118193f161248ddeaf.16
Klenteng Kong Miao Litang,-2.540946,112.942854,http://lh4.ggpht.com/U-AkGquc-w5Gnte6euYwogrkUqq6qBIIMtZTt-8xtYVxy4wqCiLES99PGA5TD1HKxhCFRh6ajj51H262a71E,1ca3f0ad5a924e66a7783a8a84276257.16
Pemda Gate,-2.538547,112.940537,http://lh4.ggpht.com/0Jhp2-AYi91WfO7EgQ6e7Vm6HXudJ-OMhJMr3-yVgZfMq_L6Mya2PpiapJkYcw0DZ2l3_7h6Gi4vJ1J6uh0,38c85ba55f514212b524f37f5faf8721.16
Masjid Baiturrahim,-2.537728,112.946039,http://lh4.ggpht.com/DmGXBQCIMiYuni9Bg2JkihwiJLAYNcsmX3y5PFYwME4k36imw6FhOQrdxQ3b9VF4vnRDBzhdYcnr7QtMQ9Av,ca8f32b0d05d4d358cae16651c6027f2.16
Masjid Haryono,-2.541258,112.948472,http://lh3.ggpht.com/w0bVejgEYUx0ZFLHHZO6nqzpSla9dWDZgItlCoeuUWKeWuSN0b3x78M9myDWsKdv5TLG9h9EnrH8zh2E6HOM,ca9cd0bc2c5047b097b3c99bad6bc3e6.16
Gereja Alfa Omega,-2.538732,112.947654,http://lh3.ggpht.com/TmHGFChHTrG5CqFznNugfCFENzTKV_B3xIiV87gQgXG5TnOT6R6gHf5BVhhbsuc9w4QEuxvA1Ui-PM_gEsHT,5ec8b0ab32054f2e936dc732fb07c82c.16
Onta Fajrie,-2.538983,112.949564,http://lh3.ggpht.com/jviQO9H6p4EBbvF1dK5Cm4ldnH_I2do6swtVksaMAWA0ozVwTXpwFss44Evbm-Qyg6xzuYGsncdV41K1Xp4tzQ,3708b885dc27425993b2fa21d88ea533.16
Gereja Gunung Hermon,-2.538998,112.949089,http://lh5.ggpht.com/RcUoStGYuiHEEmTtSrmOLG_zdp5qAIOlNElpwZA6l_SBi1cVg0WGWMVrmfBSjtAiWlsJ4FoK26Uqdtx0WR59Sw,0ee88a4396954c5dbb59fee09eb8bfc1.16
Gapura Batalyon Infanteri 631,-2.534304,112.941473,http://lh6.ggpht.com/6SfUXRXpzZoH2laSwC5IUswod0pkk5iAz9q1bJjypIYaFPIJ-SunNBC4seeCMcu8ttkZp7YKCsK4kJ6PoUwUEg,3e264d0b32024a149c09218a92f47c7b.16
Pemda Tree,-2.538323,112.94052,http://lh4.ggpht.com/kuZ1nvEImPiCBib7xZFsSxqjz7JlTTxVa6jytclq-hanvXwrzch9Gu8swSyMan1dQiHCeYSFZHXPYAz3PkA,6eb61e807224445fa89d0a074a29f1f2.16
Bundaran Polres,-2.538632,112.941819,http://lh4.ggpht.com/PGM2_GYiJstp8_ZsnpZw6Q-SR2O-QoE9Uz8XEOEJVok682AQQTKdJa1Z8A2U_iVRdAjvw3YMwNWGHM1UlYzf,391d3c9f75f3496aba41b8c10889ddbf.16
Masjid Nurul Jihad,-2.53217,112.941893,http://lh6.ggpht.com/B52oerLc7fGryT6i5MDy9w6njn6s_i6GfophsLBtwe52ddIsr2PqG7OLunsZ3_JpsO7VVrdNNZ7GE0E66ks,78fe362f40604137a7c4d7b189dfa88b.16
Playground Dodik,-2.535268,112.945636,http://lh3.googleusercontent.com/AxdjkLGoVN2IOa-gmLfOZdcpU8VZK4knBKpr4YETFjEn8fcxX8gl38SuBPLQj5ET4yB1OL5vlqQb8R_knZP5,7af451d2c6f94c32bb1e4097a3b5f67a.16
Patung Kantor Bupati,-2.538605,112.944626,http://lh3.ggpht.com/1CJ_qf_IC2I0Y7Qyx1OMKsApBQUYJ8z8lpCoLCV6tNaVhvvjpvJcj7a2fN_ZLHscEpdKe_y7UxL03vHwGAcYwQ,e1a34dab7a354438bf63533f88e5860f.16
Gereja Eka Sinta,-2.538755,112.948225,http://lh6.ggpht.com/FHvggi8IRFrOb_Ol2N8eaf9PDNETnN9xeBq-21Gs8aBN5Kdr30BR0pc2DxBxXd-kaHsZ8zyttdplhuGdrRE,7da818e2dcae446e816ad6c77a1f338b.16
Langgar Al Mumin,-2.557182,112.962071,http://lh5.ggpht.com/kNSi2DnxCTKFyT1N5kQTd1eGQq58_kbkyudpWIW72inq4sg7u2ph58hAW0D3CWapj3o9RsWqKXOQylrfBit0ug,c0ca653f13df42fb93a6337df58fb121.16
Masjid Nurul Alif,-2.563803,112.951124,http://lh3.ggpht.com/JiorhG8-4ah-QKcuoCc4LzD9lU7xOflNmLx8m8t_utYzFdrb_cmFOqd5ER2he3EHe2rbrVFhoxPntwN8BOo2,c55e817f68734dcf9891078f548b0ce1.16
Langgar Miftahul Jannah,-2.561879,112.95706,http://lh4.ggpht.com/igPzVE356H9r5it1T0KirKFQiWVX870moTa8VCbGxN-XFozSY3Mzdx7k6cfFp6JaCATx4QpZsssMPsvJoaCA,db8a134a80ec47e5a164daed9e6f5bc5.16
Masjid at Taqwa,-2.554882,112.961187,http://lh3.ggpht.com/7x2CXnDEQlxc4WdjbSH9dd4K600LMMnxtmne2vqf86sMEcVQgV4HRzrY9QkTlbdBBJV5wEfRDA9NHgKdEj5-,3f601887114443a68f168354fbb1f963.16
Masjid Thariqatul Jannah,-2.555015,112.951675,http://lh6.ggpht.com/n7dJb7xXISLhqP3Ss8ogcHrKp3wCu91QOQ0vbrr_QKXBqWnyOb-Yw84A71FxJMqBbSZK8ReMqyJkj3V1Pq4i,49ebf0eadf4449feb9a6235d6cc4fa35.16
Langgar Al Imran,-2.559563,112.960158,http://lh6.ggpht.com/PoqHOglRuO_j75VOLVkPeAk3AkCiZriWMcT_WbISpD1BYnGFX3nxuE3KugBw8LrF2TkhQC37AjkwuZ9GZxcd,fd9183a92b4044fba0d4f9b9e774e02e.16
Bundaran KB,-2.570298,112.950929,http://lh3.ggpht.com/HQ41RCPNy8vOb_1ldwyu-IcW9yj3OE2sitLYRmZ4xqJkS2-gGR6F-KbJKy8YiB8g4c3Bw_C7kZklf8KpEZEbXw,9458df2cc79a46c392a965787f72f2b8.16